pdb_id,label,description,n_chains,n_protofilaments,n_protofilaments_deposited,chains_used,core_in_chain,exposed_hydrophobic_beta_sasa,membrane_insertion_propensity,nac_active_score,contact_density,disordered_hydrophobic_exposure,z_exposed_hydrophobic_beta_sasa,z_membrane_insertion_propensity,z_nac_active_score,z_contact_density,z_disordered_hydrophobic_exposure,activity
2N0A,inert,Greek-key ssNMR fibril (Tuttle 2016),10,1,1,G,76,5.9188400912614,0.562700854042622,7.2818901885359795,10.776315789473685,4.647536091154744,1.0215944408634485,2.298008340184339,1.5495189266385487,-0.2380573196486956,0.8792380125334386,4.397793863509581
6UFR,graded-active,E46K pathogenic fibril (Boyer 2020),10,2,2,D,61,6.682572788136284,0.4582400237750288,6.107218698577978,11.065573770491802,1.1863381061402085,1.448062605354608,-0.5905167145495813,0.9695114106590746,-0.042764396643445585,-0.570076253564592,1.8800419286000416
6PEO,graded-active,H50Q narrow fibril (Boyer 2019),5,1,1,A,63,6.291507435985493,0.49527057690685866,5.322683883795715,10.984126984126984,1.0264776007155216,1.2296918015245892,0.4334429863061507,0.5821383510323819,-0.09775330627554746,-0.6370149586316665,1.807797472669761
6LRQ,graded-active,A53T fibril (Sun 2020),6,2,2,B,62,3.904853533682871,0.4662370664197269,6.101312728427536,11.129032258064516,4.379761811940733,-0.10301519551184317,-0.36938446829218,0.9665952701843201,7.968836311931634e-05,0.7671123599012463,1.0623643321138907
6PES,graded-active,H50Q wide fibril (Boyer 2019),10,2,2,Y,52,4.665835893799903,0.49527057690685866,5.775512888746416,11.23076923076923,1.0937193829621643,0.3219171815583336,0.4334429863061507,0.8057278639900031,0.06876754515889937,-0.608858674388508,0.9711696563482585
8A9L,inert,Lewy fold from PD/PDD/DLB brain (Yang 2022),9,1,1,A,69,3.6599232059596627,0.4582400237750288,5.4406096527697825,11.028985507246377,1.4185866180317541,-0.23978423488877948,-0.5905167145495813,0.6403655515027563,-0.06746701280544236,-0.47282637562585816,-0.06362321566830059
1XQ8,inert,micelle-bound helical monomer (Ulmer & Bax 2005),1,0,1,A,80,0.0,0.562700854042622,0.0,6.0875,0.43425104277216403,-2.2834845219277105,2.298008340184339,-2.045997842087203,-3.403717737164128,-0.8849991545388635,-0.21926003402804745
7WO0,graded-active,A53T fibril induced by Ca2+ (vicinity-molecule context),14,2,2,P,64,5.188505397367397,0.4662370664197269,3.635822077022837,11.828125,1.3796272722313037,0.613775713652123,-0.36938446829218,-0.25076900622540405,0.4720731128618689,-0.4891398994147038,-0.5383285892885918
8A4L,inert,lipidic fibril polymorph L2A (Antonschmidt 2022),15,2,3,B,74,5.349221906457152,0.4582400237750288,4.185962227765193,12.067567567567568,0.07791625265196203,0.7035197758291062,-0.5905167145495813,0.020869000656039794,0.6337330910846432,-1.034207924757793,-0.7217066342531844
6CU7,inert,rod cryo-EM polymorph (Li 2018),10,2,2,E,60,1.9857780968670018,0.4582400237750288,5.051519370945419,12.216666666666667,6.569982766602369,-1.1746264836075913,-0.5905167145495813,0.44824776386429815,0.7343975525388236,1.6842279046465511,-0.9139206772336318
6CU8,inert,twister cryo-EM polymorph (Li 2018),10,2,2,F,41,3.5963150496851743,0.4582400237750288,2.6552576678962434,11.24390243902439,2.3414642518575617,-0.2753030149070348,-0.5905167145495813,-0.7349339255729661,0.0776344487428884,-0.08638800187275422,-1.426323747434057
6XYO,inert,MSA Type I brain-derived fibril (Schweighauser 2020),10,2,2,B,78,4.406387061734901,0.4582400237750288,3.2391489798015094,11.974358974358974,0.5144654407713932,0.17704101265409367,-0.5905167145495813,-0.4466308959044092,0.570803181414239,-0.8514108212883287,-1.5613568325835097
6H6B,inert,recombinant cytotoxic fibril (Guerrero-Ferreira 2018),10,2,2,E,58,1.8471186835571647,0.4582400237750288,1.610271915597811,12.0,8.22295692458423,-1.252053868510237,-0.5905167145495813,-1.250907621713515,0.5881147550782161,2.3763810374712917,-2.198144083841113
6XYP,inert,MSA Type II-1 brain-derived fibril (Schweighauser 2020),10,2,2,J,64,3.753850577264437,0.4582400237750288,1.604546022611362,12.171875,2.3757361782453774,-0.18733521208310938,-0.5905167145495813,-1.2537348470239322,0.7041563972945634,-0.07203725046946104,-2.4765034389111262
